id,firstname,lastname,email2
100,Leona,Eliathas,Leona.Eliathas@gmail.com
101,Susan,Merriott,Susan.Merriott@gmail.com
102,Libbie,Weaks,Libbie.Weaks@gmail.com
103,Briney,Mich,Briney.Mich@gmail.com
104,Konstance,Read,Konstance.Read@gmail.com
105,Xylina,Sidonius,Xylina.Sidonius@gmail.com
106,Tiffie,Gibbeon,Tiffie.Gibbeon@gmail.com
107,Kary,Reneta,Kary.Reneta@gmail.com
108,Fidelia,Moseley,Fidelia.Moseley@gmail.com
109,Benita,Gino,Benita.Gino@gmail.com
110,Feliza,Burnside,Feliza.Burnside@gmail.com
111,Jinny,Blisse,Jinny.Blisse@gmail.com
112,Lilith,Sparhawk,Lilith.Sparhawk@gmail.com
113,Mary,Zeeba,Mary.Zeeba@gmail.com
114,Doralynne,Chinua,Doralynne.Chinua@gmail.com
115,Chloris,Amand,Chloris.Amand@gmail.com
116,Wileen,Halla,Wileen.Halla@gmail.com
117,Tami,Graig,Tami.Graig@gmail.com
118,Maud,Danby,Maud.Danby@gmail.com
119,Chandra,Gunn,Chandra.Gunn@gmail.com
120,Chrystel,Goth,Chrystel.Goth@gmail.com
121,Chickie,Arvo,Chickie.Arvo@gmail.com
122,Marleah,Ajay,Marleah.Ajay@gmail.com
123,Kimberley,Anyah,Kimberley.Anyah@gmail.com
124,Donnie,Judye,Donnie.Judye@gmail.com
125,Imojean,Goth,Imojean.Goth@gmail.com
126,Marita,Honoria,Marita.Honoria@gmail.com
127,Damaris,Couture,Damaris.Couture@gmail.com
128,Britte,Heidt,Britte.Heidt@gmail.com
129,Georgina,Brodench,Georgina.Brodench@gmail.com
130,Tersina,Verger,Tersina.Verger@gmail.com
131,Neila,Carey,Neila.Carey@gmail.com
132,Celestyna,Eben,Celestyna.Eben@gmail.com
133,Nerta,Candy,Nerta.Candy@gmail.com
134,Ebonee,Peti,Ebonee.Peti@gmail.com
135,Leontine,Allare,Leontine.Allare@gmail.com
136,Mignon,Clywd,Mignon.Clywd@gmail.com
137,Carree,Tryck,Carree.Tryck@gmail.com
138,Dale,Haerr,Dale.Haerr@gmail.com
139,Charmaine,Gwenore,Charmaine.Gwenore@gmail.com
140,Annaliese,Timon,Annaliese.Timon@gmail.com
141,Georgina,Friede,Georgina.Friede@gmail.com
142,Devina,Evangelia,Devina.Evangelia@gmail.com
143,Hope,Melleta,Hope.Melleta@gmail.com
144,Veda,Schlosser,Veda.Schlosser@gmail.com
145,Gilda,Erlandson,Gilda.Erlandson@gmail.com
146,Sidoney,Norvol,Sidoney.Norvol@gmail.com
147,Tobe,Slifka,Tobe.Slifka@gmail.com
148,Roberta,Reneta,Roberta.Reneta@gmail.com
149,Laurene,Harriman,Laurene.Harriman@gmail.com
150,Sharlene,Wilkinson,Sharlene.Wilkinson@gmail.com
151,Nonnah,Drisko,Nonnah.Drisko@gmail.com
152,Claresta,Orpah,Claresta.Orpah@gmail.com
153,Alameda,Kylander,Alameda.Kylander@gmail.com
154,Christian,Lacombe,Christian.Lacombe@gmail.com
155,Drucie,Kauppi,Drucie.Kauppi@gmail.com
156,Micheline,Dudley,Micheline.Dudley@gmail.com
157,Cristabel,Wandie,Cristabel.Wandie@gmail.com
158,Elbertina,Arne,Elbertina.Arne@gmail.com
159,Nonnah,Emmaline,Nonnah.Emmaline@gmail.com
160,Yvonne,Romelda,Yvonne.Romelda@gmail.com
161,Christal,Clara,Christal.Clara@gmail.com
162,Annaliese,Thad,Annaliese.Thad@gmail.com
163,Marnia,Kylander,Marnia.Kylander@gmail.com
164,Korrie,Valerio,Korrie.Valerio@gmail.com
165,Silvana,Salchunas,Silvana.Salchunas@gmail.com
166,Britte,Chesna,Britte.Chesna@gmail.com
167,Addia,Romelda,Addia.Romelda@gmail.com
168,Fina,Lenny,Fina.Lenny@gmail.com
169,Marjie,Joachim,Marjie.Joachim@gmail.com
170,Esmeralda,Buttaro,Esmeralda.Buttaro@gmail.com
171,Anica,Toffic,Anica.Toffic@gmail.com
172,Shandie,LaRue,Shandie.LaRue@gmail.com
173,Stephanie,Azeria,Stephanie.Azeria@gmail.com
174,Maridel,Leifeste,Maridel.Leifeste@gmail.com
175,Yolane,Dominy,Yolane.Dominy@gmail.com
176,Jerry,Clara,Jerry.Clara@gmail.com
177,Selia,Weaks,Selia.Weaks@gmail.com
178,Merry,Couture,Merry.Couture@gmail.com
179,Livvyy,Hazlett,Livvyy.Hazlett@gmail.com
180,Giustina,Gombach,Giustina.Gombach@gmail.com
181,Cherrita,Primalia,Cherrita.Primalia@gmail.com
182,Cassondra,Jethro,Cassondra.Jethro@gmail.com
183,Janis,Rustice,Janis.Rustice@gmail.com
184,Addia,Narton,Addia.Narton@gmail.com
185,Justinn,Bohlin,Justinn.Bohlin@gmail.com
186,Fanchon,Destinee,Fanchon.Destinee@gmail.com
187,Daryl,Sadowski,Daryl.Sadowski@gmail.com
188,Fanchon,Docilla,Fanchon.Docilla@gmail.com
189,Nollie,Bobbee,Nollie.Bobbee@gmail.com
190,Brena,Naashom,Brena.Naashom@gmail.com
191,Elsie,Alarise,Elsie.Alarise@gmail.com
192,Goldie,Ade,Goldie.Ade@gmail.com
193,Lacie,Suzetta,Lacie.Suzetta@gmail.com
194,Hildegaard,Thilda,Hildegaard.Thilda@gmail.com
195,Evita,Gaal,Evita.Gaal@gmail.com
196,Margalo,Schalles,Margalo.Schalles@gmail.com
197,Lyssa,Grimbly,Lyssa.Grimbly@gmail.com
198,Kaja,Malina,Kaja.Malina@gmail.com
199,Basia,Lory,Basia.Lory@gmail.com
200,Vevay,Lucienne,Vevay.Lucienne@gmail.com
201,Daryl,Hebner,Daryl.Hebner@gmail.com
202,Vere,Candy,Vere.Candy@gmail.com
203,Marita,Jena,Marita.Jena@gmail.com
204,Dianemarie,Sinegold,Dianemarie.Sinegold@gmail.com
205,Celene,Fredi,Celene.Fredi@gmail.com
206,Oona,Docilla,Oona.Docilla@gmail.com
207,Ilse,Ilka,Ilse.Ilka@gmail.com
208,Hermione,Ball,Hermione.Ball@gmail.com
209,Merry,Lea,Merry.Lea@gmail.com
210,Emmey,Catie,Emmey.Catie@gmail.com
211,Corly,Cookie,Corly.Cookie@gmail.com
212,Agathe,Blase,Agathe.Blase@gmail.com
213,Elbertina,Bibi,Elbertina.Bibi@gmail.com
214,Emilia,Darrell,Emilia.Darrell@gmail.com
215,Brandise,O'Rourke,Brandise.O'Rourke@gmail.com
216,Minne,Cloris,Minne.Cloris@gmail.com
217,Susan,Emerson,Susan.Emerson@gmail.com
218,Cissiee,Laurianne,Cissiee.Laurianne@gmail.com
219,Blinni,Ochs,Blinni.Ochs@gmail.com
220,Yetty,Tippets,Yetty.Tippets@gmail.com
221,Devina,Rodmann,Devina.Rodmann@gmail.com
222,Shirlee,Chandler,Shirlee.Chandler@gmail.com
223,Madelle,Abram,Madelle.Abram@gmail.com
224,Beth,Garbe,Beth.Garbe@gmail.com
225,Vevay,Blase,Vevay.Blase@gmail.com
226,Florie,Niles,Florie.Niles@gmail.com
227,Maud,Anestassia,Maud.Anestassia@gmail.com
228,Gale,Fillbert,Gale.Fillbert@gmail.com
229,Corly,Mintz,Corly.Mintz@gmail.com
230,Lyssa,Letsou,Lyssa.Letsou@gmail.com
231,Corry,Jacobah,Corry.Jacobah@gmail.com
232,Belva,Lutero,Belva.Lutero@gmail.com
233,Rhoda,Autrey,Rhoda.Autrey@gmail.com
234,Dede,Kalinda,Dede.Kalinda@gmail.com
235,Loree,Gunn,Loree.Gunn@gmail.com
236,Gavrielle,Sharl,Gavrielle.Sharl@gmail.com
237,Isa,Ferino,Isa.Ferino@gmail.com
238,Shirlee,Hoenack,Shirlee.Hoenack@gmail.com
239,Katharina,Randene,Katharina.Randene@gmail.com
240,Caritta,Remmer,Caritta.Remmer@gmail.com
241,Tilly,Chem,Tilly.Chem@gmail.com
242,Mariann,Isacco,Mariann.Isacco@gmail.com
243,Celene,Malvino,Celene.Malvino@gmail.com
244,Mahalia,Olin,Mahalia.Olin@gmail.com
245,Ricky,Eldrid,Ricky.Eldrid@gmail.com
246,Adriana,Ashok,Adriana.Ashok@gmail.com
247,Nelle,Erb,Nelle.Erb@gmail.com
248,Melisent,Milde,Melisent.Milde@gmail.com
249,Alex,Kinnard,Alex.Kinnard@gmail.com
250,Madalyn,Margret,Madalyn.Margret@gmail.com
251,Brooks,Kussell,Brooks.Kussell@gmail.com
252,Alleen,Georgy,Alleen.Georgy@gmail.com
253,Rochette,Peti,Rochette.Peti@gmail.com
254,Kamilah,Fry,Kamilah.Fry@gmail.com
255,Alleen,Bryna,Alleen.Bryna@gmail.com
256,Ilse,Kendrick,Ilse.Kendrick@gmail.com
257,Jan,Breed,Jan.Breed@gmail.com
258,Misha,Lay,Misha.Lay@gmail.com
259,Harmonia,Darbie,Harmonia.Darbie@gmail.com
260,Ermengarde,Sherfield,Ermengarde.Sherfield@gmail.com
261,Catrina,Raseda,Catrina.Raseda@gmail.com
262,Caressa,Geffner,Caressa.Geffner@gmail.com
263,Hildegaard,Monaco,Hildegaard.Monaco@gmail.com
264,Bee,Modie,Bee.Modie@gmail.com
265,Meghann,Laurianne,Meghann.Laurianne@gmail.com
266,Celene,Diann,Celene.Diann@gmail.com
267,Micheline,Lattie,Micheline.Lattie@gmail.com
268,Susette,Eben,Susette.Eben@gmail.com
269,Corry,Klemperer,Corry.Klemperer@gmail.com
270,Ardys,Bord,Ardys.Bord@gmail.com
271,Cyb,Narton,Cyb.Narton@gmail.com
272,Shandie,Ioab,Shandie.Ioab@gmail.com
273,Rori,Rustice,Rori.Rustice@gmail.com
274,Margette,Mathilde,Margette.Mathilde@gmail.com
275,Devina,Euridice,Devina.Euridice@gmail.com
276,Melodie,Papageno,Melodie.Papageno@gmail.com
277,Charmaine,Schonfeld,Charmaine.Schonfeld@gmail.com
278,Desirae,Teddman,Desirae.Teddman@gmail.com
279,Roseline,Iaverne,Roseline.Iaverne@gmail.com
280,Meriel,Loeb,Meriel.Loeb@gmail.com
281,Amelia,Laverne,Amelia.Laverne@gmail.com
282,Jillayne,Margret,Jillayne.Margret@gmail.com
283,Leanna,Nicoline,Leanna.Nicoline@gmail.com
284,Gisela,O'Neill,Gisela.O'Neill@gmail.com
285,Rubie,Jaylene,Rubie.Jaylene@gmail.com
286,Misha,Malina,Misha.Malina@gmail.com
287,Yvonne,Stefa,Yvonne.Stefa@gmail.com
288,Jolyn,Kravits,Jolyn.Kravits@gmail.com
289,Georgetta,Gahl,Georgetta.Gahl@gmail.com
290,Berta,Shields,Berta.Shields@gmail.com
291,Carly,Erich,Carly.Erich@gmail.com
292,Madelle,Marlie,Madelle.Marlie@gmail.com
293,Sashenka,Lytton,Sashenka.Lytton@gmail.com
294,Tori,Eldrid,Tori.Eldrid@gmail.com
295,Gavrielle,Lowry,Gavrielle.Lowry@gmail.com
296,Lenna,Gualtiero,Lenna.Gualtiero@gmail.com
297,Brianna,Germann,Brianna.Germann@gmail.com
298,Elena,Amasa,Elena.Amasa@gmail.com
299,Myrtice,Amand,Myrtice.Amand@gmail.com
300,Nannie,Hamil,Nannie.Hamil@gmail.com
301,Jessy,Sherrie,Jessy.Sherrie@gmail.com
302,Ilse,Allys,Ilse.Allys@gmail.com
303,Emylee,Nadia,Emylee.Nadia@gmail.com
304,Dale,Margarete,Dale.Margarete@gmail.com
305,Elvira,Cleo,Elvira.Cleo@gmail.com
306,Lanae,Catie,Lanae.Catie@gmail.com
307,Tersina,Buttaro,Tersina.Buttaro@gmail.com
308,Olwen,Winthorpe,Olwen.Winthorpe@gmail.com
309,Gabi,Sholley,Gabi.Sholley@gmail.com
310,Tarra,Thunell,Tarra.Thunell@gmail.com
311,Winny,Kimmie,Winny.Kimmie@gmail.com
312,Latisha,Dielu,Latisha.Dielu@gmail.com
313,Eadie,My,Eadie.My@gmail.com
314,Babita,Israeli,Babita.Israeli@gmail.com
315,Julieta,Desai,Julieta.Desai@gmail.com
316,Lolita,Ajay,Lolita.Ajay@gmail.com
317,Felice,Hirsch,Felice.Hirsch@gmail.com
318,Iseabal,Shirberg,Iseabal.Shirberg@gmail.com
319,Eve,Lumbard,Eve.Lumbard@gmail.com
320,Rosabelle,Kirbee,Rosabelle.Kirbee@gmail.com
321,Annora,Alexandr,Annora.Alexandr@gmail.com
322,Katuscha,Judye,Katuscha.Judye@gmail.com
323,Bibby,Ricki,Bibby.Ricki@gmail.com
324,Dawn,Denis,Dawn.Denis@gmail.com
325,Shandie,Rurik,Shandie.Rurik@gmail.com
326,Veda,Bahr,Veda.Bahr@gmail.com
327,Beth,Rosemary,Beth.Rosemary@gmail.com
328,Drucie,Shaver,Drucie.Shaver@gmail.com
329,Gratia,Christine,Gratia.Christine@gmail.com
330,Rosanne,Gusella,Rosanne.Gusella@gmail.com
331,Kelly,Clarissa,Kelly.Clarissa@gmail.com
332,Jorry,Abram,Jorry.Abram@gmail.com
333,Jenilee,Tamsky,Jenilee.Tamsky@gmail.com
334,Anthia,Raychel,Anthia.Raychel@gmail.com
335,Britni,Wildermuth,Britni.Wildermuth@gmail.com
336,Albertina,Marcellus,Albertina.Marcellus@gmail.com
337,Claudina,Bury,Claudina.Bury@gmail.com
338,Andree,Palocz,Andree.Palocz@gmail.com
339,Karena,Cordi,Karena.Cordi@gmail.com
340,Halette,Faust,Halette.Faust@gmail.com
341,Nikki,Couture,Nikki.Couture@gmail.com
342,Donetta,Rhu,Donetta.Rhu@gmail.com
343,Christian,Lane,Christian.Lane@gmail.com
344,Millie,Hoban,Millie.Hoban@gmail.com
345,Layla,Lory,Layla.Lory@gmail.com
346,Harrietta,Tybald,Harrietta.Tybald@gmail.com
347,Lynea,Cassius,Lynea.Cassius@gmail.com
348,June,Fitzsimmons,June.Fitzsimmons@gmail.com
349,Sidoney,Clie,Sidoney.Clie@gmail.com
350,Eadie,Thar,Eadie.Thar@gmail.com
351,Amalie,Annabella,Amalie.Annabella@gmail.com
352,Hallie,Markman,Hallie.Markman@gmail.com
353,Tera,Ciapas,Tera.Ciapas@gmail.com
354,Georgina,Jeanne,Georgina.Jeanne@gmail.com
355,Ruthe,Cohdwell,Ruthe.Cohdwell@gmail.com
356,Tiffie,Modie,Tiffie.Modie@gmail.com
357,Jany,Louanna,Jany.Louanna@gmail.com
358,Lynea,Eben,Lynea.Eben@gmail.com
359,Millie,Rubie,Millie.Rubie@gmail.com
360,Maud,Cosenza,Maud.Cosenza@gmail.com
361,Queenie,O'Carroll,Queenie.O'Carroll@gmail.com
362,Roz,Madelene,Roz.Madelene@gmail.com
363,Kirbee,Neva,Kirbee.Neva@gmail.com
364,Goldie,Turne,Goldie.Turne@gmail.com
365,Gui,Bethany,Gui.Bethany@gmail.com
366,Janenna,Taima,Janenna.Taima@gmail.com
367,Britni,Masao,Britni.Masao@gmail.com
368,Starla,Olin,Starla.Olin@gmail.com
369,Ulrike,Meter,Ulrike.Meter@gmail.com
370,Madalyn,Jary,Madalyn.Jary@gmail.com
371,Tybie,Vary,Tybie.Vary@gmail.com
372,Gloria,Dash,Gloria.Dash@gmail.com
373,Dede,Anyah,Dede.Anyah@gmail.com
374,Aaren,Malanie,Aaren.Malanie@gmail.com
375,Karena,Lynn,Karena.Lynn@gmail.com
376,Flo,Erlandson,Flo.Erlandson@gmail.com
377,Zia,Francyne,Zia.Francyne@gmail.com
378,Jasmina,Noam,Jasmina.Noam@gmail.com
379,Elka,Keelia,Elka.Keelia@gmail.com
380,Madalyn,Evvie,Madalyn.Evvie@gmail.com
381,Hannis,Lesley,Hannis.Lesley@gmail.com
382,Latisha,Hunfredo,Latisha.Hunfredo@gmail.com
383,Tabbatha,Fiann,Tabbatha.Fiann@gmail.com
384,Cathyleen,Melleta,Cathyleen.Melleta@gmail.com
385,Bill,Even,Bill.Even@gmail.com
386,Vita,Judye,Vita.Judye@gmail.com
387,Cathie,Romelda,Cathie.Romelda@gmail.com
388,Donetta,Gerge,Donetta.Gerge@gmail.com
389,Brooks,Sadowski,Brooks.Sadowski@gmail.com
390,Marinna,McNully,Marinna.McNully@gmail.com
391,Evita,Hathaway,Evita.Hathaway@gmail.com
392,Sissy,Pacorro,Sissy.Pacorro@gmail.com
393,Max,Kunin,Max.Kunin@gmail.com
394,Anallese,Jenness,Anallese.Jenness@gmail.com
395,Hope,Dudley,Hope.Dudley@gmail.com
396,Ileana,Rosemary,Ileana.Rosemary@gmail.com
397,Nita,Santoro,Nita.Santoro@gmail.com
398,Raina,Anyah,Raina.Anyah@gmail.com
399,Dominga,Baudin,Dominga.Baudin@gmail.com
400,Krystle,August,Krystle.August@gmail.com
401,Giustina,Pelagias,Giustina.Pelagias@gmail.com
402,Augustine,Olnee,Augustine.Olnee@gmail.com
403,Lyssa,Chandler,Lyssa.Chandler@gmail.com
404,Rebeca,Baylor,Rebeca.Baylor@gmail.com
405,Mady,Agle,Mady.Agle@gmail.com
406,Michaelina,Naor,Michaelina.Naor@gmail.com
407,Amelia,Edison,Amelia.Edison@gmail.com
408,Kelly,Hoban,Kelly.Hoban@gmail.com
409,Di,Lane,Di.Lane@gmail.com
410,Sharai,Craggie,Sharai.Craggie@gmail.com
411,Hyacinthe,Rodmann,Hyacinthe.Rodmann@gmail.com
412,Caritta,Phaidra,Caritta.Phaidra@gmail.com
413,Kara-Lynn,Junie,Kara-Lynn.Junie@gmail.com
414,Nikki,Anton,Nikki.Anton@gmail.com
415,Lila,Quinn,Lila.Quinn@gmail.com
416,Christy,Elbertina,Christy.Elbertina@gmail.com
417,Carly,Sheng,Carly.Sheng@gmail.com
418,Mellicent,My,Mellicent.My@gmail.com
419,Patricia,Schwejda,Patricia.Schwejda@gmail.com
420,Sarette,Harday,Sarette.Harday@gmail.com
421,Glenda,Manolo,Glenda.Manolo@gmail.com
422,Lynea,Clara,Lynea.Clara@gmail.com
423,Vita,Ioab,Vita.Ioab@gmail.com
424,Ginnie,Israeli,Ginnie.Israeli@gmail.com
425,Fidelia,Martguerita,Fidelia.Martguerita@gmail.com
426,Aimil,Morrill,Aimil.Morrill@gmail.com
427,Sabina,Faria,Sabina.Faria@gmail.com
428,Josephine,Cristi,Josephine.Cristi@gmail.com
429,Iseabal,Concha,Iseabal.Concha@gmail.com
430,Aaren,Joeann,Aaren.Joeann@gmail.com
431,Wynne,Allare,Wynne.Allare@gmail.com
432,Celestyna,Lubin,Celestyna.Lubin@gmail.com
433,Chickie,Ophelia,Chickie.Ophelia@gmail.com
434,Tybie,Zaslow,Tybie.Zaslow@gmail.com
435,Dorthy,Fosque,Dorthy.Fosque@gmail.com
436,Max,Dimitris,Max.Dimitris@gmail.com
437,Ezmeralda,Bennie,Ezmeralda.Bennie@gmail.com
438,Delilah,Vittoria,Delilah.Vittoria@gmail.com
439,Belinda,Maiah,Belinda.Maiah@gmail.com
440,Cristabel,Ietta,Cristabel.Ietta@gmail.com
441,Joy,Carolin,Joy.Carolin@gmail.com
442,Ilse,Stacy,Ilse.Stacy@gmail.com
443,Lindie,Christal,Lindie.Christal@gmail.com
444,Joane,Maiah,Joane.Maiah@gmail.com
445,Minda,Narton,Minda.Narton@gmail.com
446,Asia,Darbie,Asia.Darbie@gmail.com
447,Juliane,Goldina,Juliane.Goldina@gmail.com
448,Wendi,Bivins,Wendi.Bivins@gmail.com
449,Jenda,Wadell,Jenda.Wadell@gmail.com
450,Tera,Kiyoshi,Tera.Kiyoshi@gmail.com
451,Mildrid,Dulciana,Mildrid.Dulciana@gmail.com
452,Marcelline,Ethban,Marcelline.Ethban@gmail.com
453,Belinda,Meter,Belinda.Meter@gmail.com
454,Mireielle,Buffum,Mireielle.Buffum@gmail.com
455,Roseline,Penelopa,Roseline.Penelopa@gmail.com
456,Jeanna,Romelda,Jeanna.Romelda@gmail.com
457,Wendi,Ader,Wendi.Ader@gmail.com
458,Helsa,Lacombe,Helsa.Lacombe@gmail.com
459,Gilligan,Lay,Gilligan.Lay@gmail.com
460,Larine,Natica,Larine.Natica@gmail.com
461,Donetta,Ambrosia,Donetta.Ambrosia@gmail.com
462,Aigneis,Mathilde,Aigneis.Mathilde@gmail.com
463,Alyda,Sheedy,Alyda.Sheedy@gmail.com
464,Millie,Eno,Millie.Eno@gmail.com
465,Harmonia,Rodmann,Harmonia.Rodmann@gmail.com
466,Cathyleen,Armanda,Cathyleen.Armanda@gmail.com
467,Talya,Barrus,Talya.Barrus@gmail.com
468,Alia,Fennessy,Alia.Fennessy@gmail.com
469,Candi,Abernon,Candi.Abernon@gmail.com
470,Rhea,Fry,Rhea.Fry@gmail.com
471,Tatiania,Wilkinson,Tatiania.Wilkinson@gmail.com
472,Sara-Ann,Vacuva,Sara-Ann.Vacuva@gmail.com
473,Fred,Jillane,Fred.Jillane@gmail.com
474,Allyce,Alice,Allyce.Alice@gmail.com
475,Eadie,Bethany,Eadie.Bethany@gmail.com
476,Quintina,Urias,Quintina.Urias@gmail.com
477,Linzy,Kenney,Linzy.Kenney@gmail.com
478,Blake,Whiffen,Blake.Whiffen@gmail.com
479,Maisey,Zetta,Maisey.Zetta@gmail.com
480,Gerrie,Hepsibah,Gerrie.Hepsibah@gmail.com
481,Linzy,Amand,Linzy.Amand@gmail.com
482,Jillayne,Kylander,Jillayne.Kylander@gmail.com
483,Wynne,Dearborn,Wynne.Dearborn@gmail.com
484,Sindee,Thilda,Sindee.Thilda@gmail.com
485,Mary,Thad,Mary.Thad@gmail.com
486,Layla,Syd,Layla.Syd@gmail.com
487,Flo,Bord,Flo.Bord@gmail.com
488,Dagmar,Glovsky,Dagmar.Glovsky@gmail.com
489,Clo,Abbot,Clo.Abbot@gmail.com
490,Jaime,Holtz,Jaime.Holtz@gmail.com
491,Tera,Buffum,Tera.Buffum@gmail.com
492,Cordi,Roche,Cordi.Roche@gmail.com
493,Dorothy,Alisia,Dorothy.Alisia@gmail.com
494,Justinn,Laverne,Justinn.Laverne@gmail.com
495,Lynnea,Nunci,Lynnea.Nunci@gmail.com
496,Tani,Cosenza,Tani.Cosenza@gmail.com
497,Kylynn,Lia,Kylynn.Lia@gmail.com
498,Odessa,Thad,Odessa.Thad@gmail.com
499,Ana,Joni,Ana.Joni@gmail.com
500,Sherrie,Gaynor,Sherrie.Gaynor@gmail.com
501,Violet,Chandler,Violet.Chandler@gmail.com
502,Chloris,Goerke,Chloris.Goerke@gmail.com
503,Deedee,Dorcy,Deedee.Dorcy@gmail.com
504,Bernie,Nisbet,Bernie.Nisbet@gmail.com
505,Karena,Lymann,Karena.Lymann@gmail.com
506,Mady,Maisey,Mady.Maisey@gmail.com
507,Linet,Jeanne,Linet.Jeanne@gmail.com
508,Frances,Leonard,Frances.Leonard@gmail.com
509,Lulita,Elisha,Lulita.Elisha@gmail.com
510,Madeleine,Taam,Madeleine.Taam@gmail.com
511,Frank,Peti,Frank.Peti@gmail.com
512,Donetta,Amasa,Donetta.Amasa@gmail.com
513,Halette,Rodmann,Halette.Rodmann@gmail.com
514,Joceline,Persse,Joceline.Persse@gmail.com
515,Calla,Orlene,Calla.Orlene@gmail.com
516,Celestyna,Mozelle,Celestyna.Mozelle@gmail.com
517,Nadine,Seagraves,Nadine.Seagraves@gmail.com
518,Sabina,Pulsifer,Sabina.Pulsifer@gmail.com
519,Rochette,Rozanna,Rochette.Rozanna@gmail.com
520,Christal,Erich,Christal.Erich@gmail.com
521,Dyann,Hailee,Dyann.Hailee@gmail.com
522,Corly,Donell,Corly.Donell@gmail.com
523,Fina,Anestassia,Fina.Anestassia@gmail.com
524,Modestia,Lattie,Modestia.Lattie@gmail.com
525,Jan,Miru,Jan.Miru@gmail.com
526,Evaleen,Shaver,Evaleen.Shaver@gmail.com
527,Gavrielle,Daegal,Gavrielle.Daegal@gmail.com
528,Bee,Alice,Bee.Alice@gmail.com
529,Frances,Pauly,Frances.Pauly@gmail.com
530,Celene,Zola,Celene.Zola@gmail.com
531,Morganica,Frendel,Morganica.Frendel@gmail.com
532,Christal,Lumbard,Christal.Lumbard@gmail.com
533,Tonia,Birdella,Tonia.Birdella@gmail.com
534,Alexine,Burkle,Alexine.Burkle@gmail.com
535,Maisey,Madox,Maisey.Madox@gmail.com
536,Jan,Velick,Jan.Velick@gmail.com
537,Teriann,Warthman,Teriann.Warthman@gmail.com
538,Kary,Lay,Kary.Lay@gmail.com
539,Peri,Jarib,Peri.Jarib@gmail.com
540,Odessa,Jerald,Odessa.Jerald@gmail.com
541,Babita,Sasnett,Babita.Sasnett@gmail.com
542,Eolanda,Hunfredo,Eolanda.Hunfredo@gmail.com
543,Agathe,Zitvaa,Agathe.Zitvaa@gmail.com
544,Millie,Jacqui,Millie.Jacqui@gmail.com
545,Leona,Roscoe,Leona.Roscoe@gmail.com
546,Shirlee,Stefa,Shirlee.Stefa@gmail.com
547,Latisha,Grosz,Latisha.Grosz@gmail.com
548,Janenna,Shama,Janenna.Shama@gmail.com
549,Elise,Muriel,Elise.Muriel@gmail.com
550,Theodora,Romelda,Theodora.Romelda@gmail.com
551,Aeriela,Jefferey,Aeriela.Jefferey@gmail.com
552,Starla,Fontana,Starla.Fontana@gmail.com
553,Alisha,Kirstin,Alisha.Kirstin@gmail.com
554,Bill,Zeeba,Bill.Zeeba@gmail.com
555,Verla,Aurelio,Verla.Aurelio@gmail.com
556,Amelia,Auberbach,Amelia.Auberbach@gmail.com
557,Merle,Duwalt,Merle.Duwalt@gmail.com
558,Janenna,Dahlia,Janenna.Dahlia@gmail.com
559,Shannah,Yate,Shannah.Yate@gmail.com
560,Ernesta,Libna,Ernesta.Libna@gmail.com
561,Cacilie,Danby,Cacilie.Danby@gmail.com
562,Josephine,Sperling,Josephine.Sperling@gmail.com
563,Brooks,Louanna,Brooks.Louanna@gmail.com
564,Emmey,Nance,Emmey.Nance@gmail.com
565,Caressa,Juliet,Caressa.Juliet@gmail.com
566,Nelle,Paton,Nelle.Paton@gmail.com
567,Bernardine,Mathilde,Bernardine.Mathilde@gmail.com
568,Jacquetta,Luhe,Jacquetta.Luhe@gmail.com
569,Feliza,Bach,Feliza.Bach@gmail.com
570,Melina,Hieronymus,Melina.Hieronymus@gmail.com
571,Meg,Ventre,Meg.Ventre@gmail.com
572,Danny,Adore,Danny.Adore@gmail.com
573,Cathie,Orlene,Cathie.Orlene@gmail.com
574,Stacey,Arquit,Stacey.Arquit@gmail.com
575,Verla,Lorenz,Verla.Lorenz@gmail.com
576,Sibella,Sherrie,Sibella.Sherrie@gmail.com
577,Sam,Corrine,Sam.Corrine@gmail.com
578,Averyl,Hebner,Averyl.Hebner@gmail.com
579,Sissy,Narton,Sissy.Narton@gmail.com
580,Sabina,Lindemann,Sabina.Lindemann@gmail.com
581,Elbertina,Strephon,Elbertina.Strephon@gmail.com
582,Tersina,Mauer,Tersina.Mauer@gmail.com
583,Celene,Anton,Celene.Anton@gmail.com
584,Cam,Podvin,Cam.Podvin@gmail.com
585,Lusa,Jerold,Lusa.Jerold@gmail.com
586,Belinda,Urias,Belinda.Urias@gmail.com
587,Ardys,Gower,Ardys.Gower@gmail.com
588,Heida,Berl,Heida.Berl@gmail.com
589,Emma,Slifka,Emma.Slifka@gmail.com
590,Sissy,Mintz,Sissy.Mintz@gmail.com
591,Ileana,Israeli,Ileana.Israeli@gmail.com
592,Sarette,Margret,Sarette.Margret@gmail.com
593,Brana,Ietta,Brana.Ietta@gmail.com
594,Jennica,Rossner,Jennica.Rossner@gmail.com
595,Jillayne,Edee,Jillayne.Edee@gmail.com
596,Gertrud,Susannah,Gertrud.Susannah@gmail.com
597,Raina,Estella,Raina.Estella@gmail.com
598,Abbie,Tannie,Abbie.Tannie@gmail.com
599,Marnia,Goth,Marnia.Goth@gmail.com
600,Veda,Graig,Veda.Graig@gmail.com
601,Cecile,Tremayne,Cecile.Tremayne@gmail.com
602,Sibella,Melan,Sibella.Melan@gmail.com
603,Adele,Ardeha,Adele.Ardeha@gmail.com
604,Gilda,Zitvaa,Gilda.Zitvaa@gmail.com
605,Nita,Ursulette,Nita.Ursulette@gmail.com
606,Beverley,Andrel,Beverley.Andrel@gmail.com
607,Kial,Leopold,Kial.Leopold@gmail.com
608,Ernesta,Saree,Ernesta.Saree@gmail.com
609,Dale,Plato,Dale.Plato@gmail.com
610,Danny,Vorster,Danny.Vorster@gmail.com
611,Jordan,Elsinore,Jordan.Elsinore@gmail.com
612,Candy,Jaylene,Candy.Jaylene@gmail.com
613,Violet,Sparhawk,Violet.Sparhawk@gmail.com
614,Fayre,Clarissa,Fayre.Clarissa@gmail.com
615,Misha,Jillane,Misha.Jillane@gmail.com
616,Tami,Kalinda,Tami.Kalinda@gmail.com
617,Dennie,Desai,Dennie.Desai@gmail.com
618,Sibella,Timon,Sibella.Timon@gmail.com
619,Stacey,Ventre,Stacey.Ventre@gmail.com
620,Nickie,Sisile,Nickie.Sisile@gmail.com
621,Britte,Stoller,Britte.Stoller@gmail.com
622,Ashlee,Shaddock,Ashlee.Shaddock@gmail.com
623,Frieda,Shaver,Frieda.Shaver@gmail.com
624,Sheelagh,Dalli,Sheelagh.Dalli@gmail.com
625,Dione,Shields,Dione.Shields@gmail.com
626,Max,Donoghue,Max.Donoghue@gmail.com
627,Coral,Kermit,Coral.Kermit@gmail.com
628,Ida,Corabella,Ida.Corabella@gmail.com
629,Kaja,Ehrman,Kaja.Ehrman@gmail.com
630,Valera,Eldrid,Valera.Eldrid@gmail.com
631,Sharlene,Toni,Sharlene.Toni@gmail.com
632,Mureil,Marlie,Mureil.Marlie@gmail.com
633,Mireielle,Goldina,Mireielle.Goldina@gmail.com
634,Leanna,Flyn,Leanna.Flyn@gmail.com
635,Johna,Cath,Johna.Cath@gmail.com
636,Vita,Cecile,Vita.Cecile@gmail.com
637,Mariele,Borrell,Mariele.Borrell@gmail.com
638,Alyda,Elephus,Alyda.Elephus@gmail.com
639,Jacquetta,Sinegold,Jacquetta.Sinegold@gmail.com
640,Arlena,Blake,Arlena.Blake@gmail.com
641,Cordi,Leffen,Cordi.Leffen@gmail.com
642,Lacie,Clara,Lacie.Clara@gmail.com
643,Deane,Pip,Deane.Pip@gmail.com
644,Harrietta,Lunsford,Harrietta.Lunsford@gmail.com
645,Orsola,Pond,Orsola.Pond@gmail.com
646,Christy,Jefferey,Christy.Jefferey@gmail.com
647,Tybie,Kesley,Tybie.Kesley@gmail.com
648,Marcelline,Darrell,Marcelline.Darrell@gmail.com
649,Hyacinthe,Salvidor,Hyacinthe.Salvidor@gmail.com
650,Florencia,Hutchison,Florencia.Hutchison@gmail.com
651,Calla,Cecile,Calla.Cecile@gmail.com
652,Bertine,Autrey,Bertine.Autrey@gmail.com
653,Melina,Fosque,Melina.Fosque@gmail.com
654,Di,Pernick,Di.Pernick@gmail.com
655,Ronna,Sammons,Ronna.Sammons@gmail.com
656,Cyndie,Garlinda,Cyndie.Garlinda@gmail.com
657,Leeanne,Trinetta,Leeanne.Trinetta@gmail.com
658,Amalie,Penelopa,Amalie.Penelopa@gmail.com
659,Tarra,Rosette,Tarra.Rosette@gmail.com
660,Dacia,Pulsifer,Dacia.Pulsifer@gmail.com
661,Susan,Dahlia,Susan.Dahlia@gmail.com
662,Gerianna,Kazimir,Gerianna.Kazimir@gmail.com
663,Nicoli,Naor,Nicoli.Naor@gmail.com
664,Alyda,Lareena,Alyda.Lareena@gmail.com
665,Ivett,Presber,Ivett.Presber@gmail.com
666,Lenna,Codding,Lenna.Codding@gmail.com
667,Bernardine,Elvyn,Bernardine.Elvyn@gmail.com
668,Bibby,Quent,Bibby.Quent@gmail.com
669,Jan,Yusuk,Jan.Yusuk@gmail.com
670,Bettine,Kirbee,Bettine.Kirbee@gmail.com
671,Dorice,Even,Dorice.Even@gmail.com
672,Allyce,Alejoa,Allyce.Alejoa@gmail.com
673,Florie,Schonfeld,Florie.Schonfeld@gmail.com
674,Winifred,Adamsen,Winifred.Adamsen@gmail.com
675,Joleen,Chabot,Joleen.Chabot@gmail.com
676,Teddie,Felizio,Teddie.Felizio@gmail.com
677,Vinita,Stephie,Vinita.Stephie@gmail.com
678,Babita,Kylander,Babita.Kylander@gmail.com
679,Amalie,Sadowski,Amalie.Sadowski@gmail.com
680,Laurene,Amand,Laurene.Amand@gmail.com
681,Emylee,Therine,Emylee.Therine@gmail.com
682,Tami,Eno,Tami.Eno@gmail.com
683,Caritta,Luhe,Caritta.Luhe@gmail.com
684,Lizzie,Rooney,Lizzie.Rooney@gmail.com
685,Jan,Egbert,Jan.Egbert@gmail.com
686,Morganica,Naashom,Morganica.Naashom@gmail.com
687,Netty,Schwejda,Netty.Schwejda@gmail.com
688,Renie,Faria,Renie.Faria@gmail.com
689,Dorthy,Bronk,Dorthy.Bronk@gmail.com
690,Elie,Friede,Elie.Friede@gmail.com
691,Roxane,Giff,Roxane.Giff@gmail.com
692,Di,Urania,Di.Urania@gmail.com
693,Basia,Pettiford,Basia.Pettiford@gmail.com
694,Nananne,Romelda,Nananne.Romelda@gmail.com
695,Ada,Lea,Ada.Lea@gmail.com
696,Mignon,Koehler,Mignon.Koehler@gmail.com
697,Ermengarde,Paton,Ermengarde.Paton@gmail.com
698,Zia,Dorcy,Zia.Dorcy@gmail.com
699,Minda,Rudolph,Minda.Rudolph@gmail.com
700,Feliza,Holbrook,Feliza.Holbrook@gmail.com
701,Ariela,Japeth,Ariela.Japeth@gmail.com
702,Tiffie,Sophronia,Tiffie.Sophronia@gmail.com
703,Mamie,Klemperer,Mamie.Klemperer@gmail.com
704,Joleen,Michella,Joleen.Michella@gmail.com
705,Harrietta,Swigart,Harrietta.Swigart@gmail.com
706,Shirlee,Tengdin,Shirlee.Tengdin@gmail.com
707,Marylou,Joli,Marylou.Joli@gmail.com
708,Nadine,Rozanna,Nadine.Rozanna@gmail.com
709,Gui,Pip,Gui.Pip@gmail.com
710,Gusty,Rosemary,Gusty.Rosemary@gmail.com
711,Emylee,Anestassia,Emylee.Anestassia@gmail.com
712,Tierney,Argus,Tierney.Argus@gmail.com
713,Joelly,Thunell,Joelly.Thunell@gmail.com
714,Claresta,Eldrid,Claresta.Eldrid@gmail.com
715,Jacquetta,Joeann,Jacquetta.Joeann@gmail.com
716,Caressa,Esmaria,Caressa.Esmaria@gmail.com
717,Mara,Tristram,Mara.Tristram@gmail.com
718,Lizzie,Eno,Lizzie.Eno@gmail.com
719,Millie,Elsinore,Millie.Elsinore@gmail.com
720,Gwenneth,Corilla,Gwenneth.Corilla@gmail.com
721,Iseabal,Myrilla,Iseabal.Myrilla@gmail.com
722,Dania,Pillsbury,Dania.Pillsbury@gmail.com
723,Cissiee,Lucienne,Cissiee.Lucienne@gmail.com
724,Jenilee,Amethist,Jenilee.Amethist@gmail.com
725,Gabriellia,Blisse,Gabriellia.Blisse@gmail.com
726,Gaylene,Laurianne,Gaylene.Laurianne@gmail.com
727,Kenna,Alexandr,Kenna.Alexandr@gmail.com
728,Kassey,Blase,Kassey.Blase@gmail.com
729,Nita,Ehrman,Nita.Ehrman@gmail.com
730,Zondra,Millda,Zondra.Millda@gmail.com
731,Albertina,Latini,Albertina.Latini@gmail.com
732,Millie,Gherardo,Millie.Gherardo@gmail.com
733,Atlanta,Screens,Atlanta.Screens@gmail.com
734,Amara,Fillbert,Amara.Fillbert@gmail.com
735,Libbie,Pond,Libbie.Pond@gmail.com
736,Korrie,Edmund,Korrie.Edmund@gmail.com
737,Joceline,Hull,Joceline.Hull@gmail.com
738,Sashenka,Gaulin,Sashenka.Gaulin@gmail.com
739,Fawne,Salvidor,Fawne.Salvidor@gmail.com
740,Emilia,Berne,Emilia.Berne@gmail.com
741,Annora,Maurine,Annora.Maurine@gmail.com
742,Briney,Dreda,Briney.Dreda@gmail.com
743,Amara,Turne,Amara.Turne@gmail.com
744,Kimmy,Ilka,Kimmy.Ilka@gmail.com
745,Stevana,Jorgan,Stevana.Jorgan@gmail.com
746,Dulcinea,Erich,Dulcinea.Erich@gmail.com
747,Harrietta,Merell,Harrietta.Merell@gmail.com
748,Corry,Ilka,Corry.Ilka@gmail.com
749,Vere,Sheng,Vere.Sheng@gmail.com
750,Charlena,Greyson,Charlena.Greyson@gmail.com
751,Arlena,Pitt,Arlena.Pitt@gmail.com
752,Shel,Kazimir,Shel.Kazimir@gmail.com
753,Almeta,Trace,Almeta.Trace@gmail.com
754,Bernardine,Shelba,Bernardine.Shelba@gmail.com
755,Charissa,Delila,Charissa.Delila@gmail.com
756,Sue,Justinn,Sue.Justinn@gmail.com
757,Anallese,Stilwell,Anallese.Stilwell@gmail.com
758,Pierette,Haerr,Pierette.Haerr@gmail.com
759,Elka,Tufts,Elka.Tufts@gmail.com
760,Sheelagh,Kristi,Sheelagh.Kristi@gmail.com
761,Genovera,Markman,Genovera.Markman@gmail.com
762,Jolyn,Kaja,Jolyn.Kaja@gmail.com
763,Violet,Erskine,Violet.Erskine@gmail.com
764,Gerrie,Taima,Gerrie.Taima@gmail.com
765,Verla,Voletta,Verla.Voletta@gmail.com
766,Anestassia,Pillsbury,Anestassia.Pillsbury@gmail.com
767,Ermengarde,Rubie,Ermengarde.Rubie@gmail.com
768,Cacilie,Rugen,Cacilie.Rugen@gmail.com
769,Nicoli,Markman,Nicoli.Markman@gmail.com
770,Stephanie,Darian,Stephanie.Darian@gmail.com
771,Modestia,Arathorn,Modestia.Arathorn@gmail.com
772,Chere,Roxanna,Chere.Roxanna@gmail.com
773,Marti,Merriott,Marti.Merriott@gmail.com
774,Aeriela,Dex,Aeriela.Dex@gmail.com
775,Lory,Ardeha,Lory.Ardeha@gmail.com
776,Rubie,Calhoun,Rubie.Calhoun@gmail.com
777,Tonia,Dawkins,Tonia.Dawkins@gmail.com
778,Marline,Erlandson,Marline.Erlandson@gmail.com
779,Pierette,Jethro,Pierette.Jethro@gmail.com
780,Flory,Fabiola,Flory.Fabiola@gmail.com
781,Grier,Ruvolo,Grier.Ruvolo@gmail.com
782,Giustina,Breed,Giustina.Breed@gmail.com
783,Jean,Fillbert,Jean.Fillbert@gmail.com
784,Roxane,Emerson,Roxane.Emerson@gmail.com
785,Cristine,Dahlia,Cristine.Dahlia@gmail.com
786,Althea,Ulphia,Althea.Ulphia@gmail.com
787,Neila,Lanita,Neila.Lanita@gmail.com
788,Harmonia,Desai,Harmonia.Desai@gmail.com
789,Phylis,Dearborn,Phylis.Dearborn@gmail.com
790,Gilligan,Cavan,Gilligan.Cavan@gmail.com
791,Shaine,Anastatius,Shaine.Anastatius@gmail.com
792,Nerta,Ingra,Nerta.Ingra@gmail.com
793,Barbara,Erminia,Barbara.Erminia@gmail.com
794,Camile,Love,Camile.Love@gmail.com
795,Wileen,Eno,Wileen.Eno@gmail.com
796,Elvira,Bergman,Elvira.Bergman@gmail.com
797,Camile,Palocz,Camile.Palocz@gmail.com
798,Marika,Bobbee,Marika.Bobbee@gmail.com
799,Kaia,Loring,Kaia.Loring@gmail.com
800,Dotty,Othilia,Dotty.Othilia@gmail.com
801,Fredericka,Dituri,Fredericka.Dituri@gmail.com
802,Margalo,Khorma,Margalo.Khorma@gmail.com
803,Jacenta,Roarke,Jacenta.Roarke@gmail.com
804,Vanessa,Marijo,Vanessa.Marijo@gmail.com
805,Rozele,Cookie,Rozele.Cookie@gmail.com
806,Mildrid,Madaih,Mildrid.Madaih@gmail.com
807,Nickie,Cosenza,Nickie.Cosenza@gmail.com
808,Mamie,Pacorro,Mamie.Pacorro@gmail.com
809,Lauryn,Pacorro,Lauryn.Pacorro@gmail.com
810,Hyacinthe,Wandie,Hyacinthe.Wandie@gmail.com
811,Kimberley,Therine,Kimberley.Therine@gmail.com
812,Carmela,Nester,Carmela.Nester@gmail.com
813,Joelly,Marsden,Joelly.Marsden@gmail.com
814,Beverley,Torray,Beverley.Torray@gmail.com
815,Phedra,Joseph,Phedra.Joseph@gmail.com
816,Carmela,Frodi,Carmela.Frodi@gmail.com
817,Clo,Read,Clo.Read@gmail.com
818,Gusty,Argus,Gusty.Argus@gmail.com
819,Vita,Guildroy,Vita.Guildroy@gmail.com
820,Joeann,Taima,Joeann.Taima@gmail.com
821,Addia,Phi,Addia.Phi@gmail.com
822,Allyce,Sigfrid,Allyce.Sigfrid@gmail.com
823,Felice,Tound,Felice.Tound@gmail.com
824,Etta,Koziara,Etta.Koziara@gmail.com
825,Doralynne,Olympium,Doralynne.Olympium@gmail.com
826,Jsandye,Etom,Jsandye.Etom@gmail.com
827,Ebonee,Skell,Ebonee.Skell@gmail.com
828,Mildrid,Amadas,Mildrid.Amadas@gmail.com
829,Roslyn,O'Rourke,Roslyn.O'Rourke@gmail.com
830,Kirstin,Chabot,Kirstin.Chabot@gmail.com
831,Aaren,Lea,Aaren.Lea@gmail.com
832,Tybie,Jeanne,Tybie.Jeanne@gmail.com
833,Yetty,Darian,Yetty.Darian@gmail.com
834,Donnie,Teddman,Donnie.Teddman@gmail.com
835,Correy,Earlie,Correy.Earlie@gmail.com
836,Elmira,Kamaria,Elmira.Kamaria@gmail.com
837,Ardys,Jillane,Ardys.Jillane@gmail.com
838,Clarice,Westphal,Clarice.Westphal@gmail.com
839,Elora,Skell,Elora.Skell@gmail.com
840,Tracey,Posner,Tracey.Posner@gmail.com
841,Layla,Martsen,Layla.Martsen@gmail.com
842,Nananne,Norrie,Nananne.Norrie@gmail.com
843,Barbara,Keelia,Barbara.Keelia@gmail.com
844,Ada,Stuart,Ada.Stuart@gmail.com
845,Rori,Prober,Rori.Prober@gmail.com
846,Belva,Madelene,Belva.Madelene@gmail.com
847,Wilma,Anastatius,Wilma.Anastatius@gmail.com
848,Tomasina,Turne,Tomasina.Turne@gmail.com
849,Nannie,Orlene,Nannie.Orlene@gmail.com
850,Georgetta,Buttaro,Georgetta.Buttaro@gmail.com
851,Fawne,Tatianas,Fawne.Tatianas@gmail.com
852,Fred,Malina,Fred.Malina@gmail.com
853,Lorenza,Kirstin,Lorenza.Kirstin@gmail.com
854,Dominga,Karylin,Dominga.Karylin@gmail.com
855,Lorne,Gaal,Lorne.Gaal@gmail.com
856,Antonietta,Connelly,Antonietta.Connelly@gmail.com
857,Agnese,Carbo,Agnese.Carbo@gmail.com
858,Sue,Stevy,Sue.Stevy@gmail.com
859,Bill,Clywd,Bill.Clywd@gmail.com
860,Iseabal,Gusella,Iseabal.Gusella@gmail.com
861,Alameda,Bari,Alameda.Bari@gmail.com
862,Donnie,Marcellus,Donnie.Marcellus@gmail.com
863,Ericka,Rosalba,Ericka.Rosalba@gmail.com
864,Elka,Rozanna,Elka.Rozanna@gmail.com
865,Nariko,Winthorpe,Nariko.Winthorpe@gmail.com
866,Leontine,Norrie,Leontine.Norrie@gmail.com
867,Liana,Natalia,Liana.Natalia@gmail.com
868,Janeczka,Vary,Janeczka.Vary@gmail.com
869,Merci,Rossner,Merci.Rossner@gmail.com
870,Jackie,Isidore,Jackie.Isidore@gmail.com
871,Georgina,Noam,Georgina.Noam@gmail.com
872,Claudina,Oriana,Claudina.Oriana@gmail.com
873,Juliane,Olnee,Juliane.Olnee@gmail.com
874,Jordan,Dimitris,Jordan.Dimitris@gmail.com
875,Loree,Skurnik,Loree.Skurnik@gmail.com
876,Tarra,Anderea,Tarra.Anderea@gmail.com
877,Bobbi,Percy,Bobbi.Percy@gmail.com
878,Kate,Haldas,Kate.Haldas@gmail.com
879,Merry,Vharat,Merry.Vharat@gmail.com
880,Mildrid,Poppy,Mildrid.Poppy@gmail.com
881,Roslyn,Philoo,Roslyn.Philoo@gmail.com
882,Florie,O'Rourke,Florie.O'Rourke@gmail.com
883,Rhoda,Kenwood,Rhoda.Kenwood@gmail.com
884,Cam,Burnside,Cam.Burnside@gmail.com
885,Rhea,Love,Rhea.Love@gmail.com
886,Shell,Durante,Shell.Durante@gmail.com
887,Dennie,Argus,Dennie.Argus@gmail.com
888,Tamqrah,Capello,Tamqrah.Capello@gmail.com
889,Tami,Israeli,Tami.Israeli@gmail.com
890,Vanessa,Cadmar,Vanessa.Cadmar@gmail.com
891,Phedra,Chauncey,Phedra.Chauncey@gmail.com
892,Sabina,Weinreb,Sabina.Weinreb@gmail.com
893,Annabela,Rogerio,Annabela.Rogerio@gmail.com
894,Bernie,Maiah,Bernie.Maiah@gmail.com
895,Andree,Faso,Andree.Faso@gmail.com
896,Ebonee,Diogenes,Ebonee.Diogenes@gmail.com
897,Sara-Ann,Westphal,Sara-Ann.Westphal@gmail.com
898,Quintina,Madox,Quintina.Madox@gmail.com
899,Libbie,Eldrid,Libbie.Eldrid@gmail.com
900,Alex,Rebecka,Alex.Rebecka@gmail.com
901,Georgetta,Gwenore,Georgetta.Gwenore@gmail.com
902,Lory,Albertine,Lory.Albertine@gmail.com
903,Wendi,Tamsky,Wendi.Tamsky@gmail.com
904,Kaia,Granoff,Kaia.Granoff@gmail.com
905,Clary,Travax,Clary.Travax@gmail.com
906,Jackie,Daniele,Jackie.Daniele@gmail.com
907,Beth,Elvyn,Beth.Elvyn@gmail.com
908,Gusella,Rosette,Gusella.Rosette@gmail.com
909,Fayre,Gunn,Fayre.Gunn@gmail.com
910,Brandise,Armanda,Brandise.Armanda@gmail.com
911,Delilah,Valoniah,Delilah.Valoniah@gmail.com
912,Alyda,Torray,Alyda.Torray@gmail.com
913,Kaia,Hortensia,Kaia.Hortensia@gmail.com
914,Consuela,Weaks,Consuela.Weaks@gmail.com
915,Corry,Pulsifer,Corry.Pulsifer@gmail.com
916,Nickie,Melan,Nickie.Melan@gmail.com
917,Roxane,Mauer,Roxane.Mauer@gmail.com
918,Lauryn,Viddah,Lauryn.Viddah@gmail.com
919,Correy,Tjon,Correy.Tjon@gmail.com
920,Yolane,Shama,Yolane.Shama@gmail.com
921,Elbertina,Shanley,Elbertina.Shanley@gmail.com
922,Heddie,Ethban,Heddie.Ethban@gmail.com
923,Diena,Stoller,Diena.Stoller@gmail.com
924,Vinita,Baylor,Vinita.Baylor@gmail.com
925,Moyna,Gaspard,Moyna.Gaspard@gmail.com
926,Beth,Wilona,Beth.Wilona@gmail.com
927,Beth,Uund,Beth.Uund@gmail.com
928,Marleah,Scammon,Marleah.Scammon@gmail.com
929,Marinna,Fennessy,Marinna.Fennessy@gmail.com
930,Atlanta,Strephon,Atlanta.Strephon@gmail.com
931,Meriel,Laurianne,Meriel.Laurianne@gmail.com
932,Lulita,Bennie,Lulita.Bennie@gmail.com
933,Sandie,Brieta,Sandie.Brieta@gmail.com
934,June,Papageno,June.Papageno@gmail.com
935,Silvana,Winnick,Silvana.Winnick@gmail.com
936,Rosaline,Medrek,Rosaline.Medrek@gmail.com
937,Pearline,Barrus,Pearline.Barrus@gmail.com
938,Margette,Sigfrid,Margette.Sigfrid@gmail.com
939,Camile,Bigner,Camile.Bigner@gmail.com
940,Gilda,Kazimir,Gilda.Kazimir@gmail.com
941,Jennica,Gaulin,Jennica.Gaulin@gmail.com
942,Prashant,Jani,Prashant.Janisir@gmail.com
943,Dotty,Greenwald,Dotty.Greenwald@gmail.com
944,Flory,Joachim,Flory.Joachim@gmail.com
945,Rani,Tound,Rani.Tound@gmail.com
946,Margalo,Deegan,Margalo.Deegan@gmail.com
947,Elbertina,Bouchard,Elbertina.Bouchard@gmail.com
948,Clementine,Destinee,Clementine.Destinee@gmail.com
949,Shel,Lewes,Shel.Lewes@gmail.com
950,Hildegaard,Anderea,Hildegaard.Anderea@gmail.com
951,Sara-Ann,Johnsson,Sara-Ann.Johnsson@gmail.com
952,Marsiella,Waldron,Marsiella.Waldron@gmail.com
953,Anestassia,Isidore,Anestassia.Isidore@gmail.com
954,Dianemarie,Waite,Dianemarie.Waite@gmail.com
955,Elvira,Lynn,Elvira.Lynn@gmail.com
956,Zia,Oscar,Zia.Oscar@gmail.com
957,Veda,Faso,Veda.Faso@gmail.com
958,Sadie,Guildroy,Sadie.Guildroy@gmail.com
959,Tobe,Hillel,Tobe.Hillel@gmail.com
960,Daune,Zuzana,Daune.Zuzana@gmail.com
961,Magdalena,Berne,Magdalena.Berne@gmail.com
962,Celestyna,Rosalba,Celestyna.Rosalba@gmail.com
963,Maud,Publia,Maud.Publia@gmail.com
964,Deedee,Ochs,Deedee.Ochs@gmail.com
965,Diena,Esmaria,Diena.Esmaria@gmail.com
966,Elise,Firmin,Elise.Firmin@gmail.com
967,Christal,Maxi,Christal.Maxi@gmail.com
968,Viviene,Maxi,Viviene.Maxi@gmail.com
969,Raf,Anselmi,Raf.Anselmi@gmail.com
970,Jacenta,Rosalba,Jacenta.Rosalba@gmail.com
971,Halette,Reinke,Halette.Reinke@gmail.com
972,Keelia,Fleeta,Keelia.Fleeta@gmail.com
973,Aaren,Eliathas,Aaren.Eliathas@gmail.com
974,Renie,Mallon,Renie.Mallon@gmail.com
975,Taffy,Carri,Taffy.Carri@gmail.com
976,Jacenta,Hollingsworth,Jacenta.Hollingsworth@gmail.com
977,Carmencita,Magnolia,Carmencita.Magnolia@gmail.com
978,Ida,Pillsbury,Ida.Pillsbury@gmail.com
979,Margette,Aldric,Margette.Aldric@gmail.com
980,Amalie,Gualtiero,Amalie.Gualtiero@gmail.com
981,Celene,Francyne,Celene.Francyne@gmail.com
982,Cristabel,Merriott,Cristabel.Merriott@gmail.com
983,Queenie,Irmine,Queenie.Irmine@gmail.com
984,Zaria,Gaspard,Zaria.Gaspard@gmail.com
985,Silvana,Claudine,Silvana.Claudine@gmail.com
986,Lanna,Tatianas,Lanna.Tatianas@gmail.com
987,Gianina,Thornburg,Gianina.Thornburg@gmail.com
988,Drucie,Larochelle,Drucie.Larochelle@gmail.com
989,Addia,Baudin,Addia.Baudin@gmail.com
990,Lynde,Shaddock,Lynde.Shaddock@gmail.com
991,Britni,Havens,Britni.Havens@gmail.com
992,Dennie,Liebermann,Dennie.Liebermann@gmail.com
993,Yetty,Hessler,Yetty.Hessler@gmail.com
994,Madalyn,Hieronymus,Madalyn.Hieronymus@gmail.com
995,Flory,Karna,Flory.Karna@gmail.com
996,Frances,Bivins,Frances.Bivins@gmail.com
997,Tamqrah,Marsden,Tamqrah.Marsden@gmail.com
998,Marinna,Ader,Marinna.Ader@gmail.com
999,Wileen,Lacombe,Wileen.Lacombe@gmail.com
1000,Nadine,Kunin,Nadine.Kunin@gmail.com
1001,Meg,Gwenore,Meg.Gwenore@gmail.com
1002,Shell,Giule,Shell.Giule@gmail.com
1003,Jemie,Stephie,Jemie.Stephie@gmail.com
1004,Elena,Terrence,Elena.Terrence@gmail.com
1005,Annaliese,Ovid,Annaliese.Ovid@gmail.com
1006,Brana,Sibyls,Brana.Sibyls@gmail.com
1007,Bill,Barbey,Bill.Barbey@gmail.com
1008,Katuscha,Bluh,Katuscha.Bluh@gmail.com
1009,Shaine,Hull,Shaine.Hull@gmail.com
1010,Elie,Timon,Elie.Timon@gmail.com
1011,Berget,Burkle,Berget.Burkle@gmail.com
1012,Brena,Pulsifer,Brena.Pulsifer@gmail.com
1013,Mara,Markman,Mara.Markman@gmail.com
1014,Arlina,Yorick,Arlina.Yorick@gmail.com
1015,Dorene,Delila,Dorene.Delila@gmail.com
1016,Lacie,Rodmann,Lacie.Rodmann@gmail.com
1017,Tarra,Sibyls,Tarra.Sibyls@gmail.com
1018,Ayn,Monaco,Ayn.Monaco@gmail.com
1019,Judy,Bluh,Judy.Bluh@gmail.com
1020,Lolita,Beniamino,Lolita.Beniamino@gmail.com
1021,Di,Casimir,Di.Casimir@gmail.com
1022,Lizzie,Bollay,Lizzie.Bollay@gmail.com
1023,Lorne,Jary,Lorne.Jary@gmail.com
1024,Jorry,Dearborn,Jorry.Dearborn@gmail.com
1025,Therine,Lewes,Therine.Lewes@gmail.com
1026,Carmencita,Bates,Carmencita.Bates@gmail.com
1027,Cherrita,Nahum,Cherrita.Nahum@gmail.com
1028,Michaelina,Pillsbury,Michaelina.Pillsbury@gmail.com
1029,Sidoney,Mata,Sidoney.Mata@gmail.com
1030,Gusty,McAdams,Gusty.McAdams@gmail.com
1031,Monika,Orelee,Monika.Orelee@gmail.com
1032,Evaleen,Lareena,Evaleen.Lareena@gmail.com
1033,Atlanta,Ferrell,Atlanta.Ferrell@gmail.com
1034,Brandise,Vary,Brandise.Vary@gmail.com
1035,Marcy,Rubie,Marcy.Rubie@gmail.com
1036,Daune,Marcellus,Daune.Marcellus@gmail.com
1037,Kimberley,Carey,Kimberley.Carey@gmail.com
1038,Brandise,Rona,Brandise.Rona@gmail.com
1039,Priscilla,Turne,Priscilla.Turne@gmail.com
1040,Fidelia,Arne,Fidelia.Arne@gmail.com
1041,Jennica,Kaja,Jennica.Kaja@gmail.com
1042,Melodie,Freddi,Melodie.Freddi@gmail.com
1043,Linet,Jarib,Linet.Jarib@gmail.com
1044,Daphne,Audly,Daphne.Audly@gmail.com
1045,Jacquetta,Damarra,Jacquetta.Damarra@gmail.com
1046,Ursulina,Goddard,Ursulina.Goddard@gmail.com
1047,Selia,Clara,Selia.Clara@gmail.com
1048,Jolyn,Pelagias,Jolyn.Pelagias@gmail.com
1049,Dorice,Elvyn,Dorice.Elvyn@gmail.com
1050,Dode,Garlinda,Dode.Garlinda@gmail.com
1051,Asia,Charity,Asia.Charity@gmail.com
1052,Lisette,Ailyn,Lisette.Ailyn@gmail.com
1053,Marleah,Casimir,Marleah.Casimir@gmail.com
1054,Stevana,Salvidor,Stevana.Salvidor@gmail.com
1055,Rozele,Ranjiv,Rozele.Ranjiv@gmail.com
1056,Natka,Bord,Natka.Bord@gmail.com
1057,Ardys,Vharat,Ardys.Vharat@gmail.com
1058,Magdalena,Chick,Magdalena.Chick@gmail.com
1059,Starla,Bouchard,Starla.Bouchard@gmail.com
1060,Winny,Bluh,Winny.Bluh@gmail.com
1061,Carolina,Riva,Carolina.Riva@gmail.com
1062,Marleah,Frodi,Marleah.Frodi@gmail.com
1063,Judy,Rebecka,Judy.Rebecka@gmail.com
1064,Gertrud,Dearborn,Gertrud.Dearborn@gmail.com
1065,Cristine,Burch,Cristine.Burch@gmail.com
1066,Morganica,Terencio,Morganica.Terencio@gmail.com
1067,Almeta,Laverne,Almeta.Laverne@gmail.com
1068,Edee,Chesna,Edee.Chesna@gmail.com
1069,Merry,Leopold,Merry.Leopold@gmail.com
1070,Carmela,Peti,Carmela.Peti@gmail.com
1071,Rosaline,Daveta,Rosaline.Daveta@gmail.com
1072,Leia,Dorothy,Leia.Dorothy@gmail.com
1073,Sybille,Saint,Sybille.Saint@gmail.com
1074,Alexine,Bobbee,Alexine.Bobbee@gmail.com
1075,Jacquetta,Dreda,Jacquetta.Dreda@gmail.com
1076,Reeba,Leffen,Reeba.Leffen@gmail.com
1077,Violet,Uird,Violet.Uird@gmail.com
1078,Ulrike,Ricki,Ulrike.Ricki@gmail.com
1079,Myriam,Marlie,Myriam.Marlie@gmail.com
1080,Belva,Ehrman,Belva.Ehrman@gmail.com
1081,Sarette,Lorain,Sarette.Lorain@gmail.com
1082,Courtnay,Armanda,Courtnay.Armanda@gmail.com
1083,Janenna,Jary,Janenna.Jary@gmail.com
1084,Doro,Bearnard,Doro.Bearnard@gmail.com
1085,Maridel,Creamer,Maridel.Creamer@gmail.com
1086,Gabi,Yam,Gabi.Yam@gmail.com
1087,Alie,Fax,Alie.Fax@gmail.com
1088,Roz,Ferrell,Roz.Ferrell@gmail.com
1089,Shirlee,Ulphia,Shirlee.Ulphia@gmail.com
1090,Anallese,Malina,Anallese.Malina@gmail.com
1091,Jinny,Faust,Jinny.Faust@gmail.com
1092,Aubrie,Carey,Aubrie.Carey@gmail.com
1093,Ofilia,Ciapas,Ofilia.Ciapas@gmail.com
1094,Corina,Saree,Corina.Saree@gmail.com
1095,Diena,Longfellow,Diena.Longfellow@gmail.com
1096,Jean,Belldas,Jean.Belldas@gmail.com
1097,Edee,Bandeen,Edee.Bandeen@gmail.com
1098,Yetty,Maiah,Yetty.Maiah@gmail.com
1099,Karina,Toor,Karina.Toor@gmail.com
